,Re,St,Cd
count,40000.0,40000.0,40000.0
mean,1446.86967425,0.20490974999999997,0.9207645000000001
std,1365.735619261109,0.039759921733095824,0.19799063247288667
min,20.09,0.11,0.26
25%,286.425,0.17,0.76
50%,994.5,0.2,0.91
75%,2451.04,0.23,1.08
max,4999.94,0.3,1.57
